scenario,method,word_budget,accuracy
primary,adaptive,52,0.9354
primary,adaptive,105,0.9661
primary,adaptive,210,0.9682
primary,calibrated,52,0.9349
primary,calibrated,105,0.9714
primary,calibrated,210,0.9703
primary,source_only,52,0.9354
primary,source_only,105,0.9505
primary,source_only,210,0.9667
primary,topic_recent,52,0.7495
primary,topic_recent,105,0.9323
primary,topic_recent,210,0.9682
shift_frozen,adaptive,52,0.6302
shift_frozen,adaptive,105,0.6984
shift_frozen,adaptive,210,0.7766
shift_frozen,calibrated,52,0.6312
shift_frozen,calibrated,105,0.7547
shift_frozen,calibrated,210,0.8219
shift_frozen,source_only,52,0.6302
shift_frozen,source_only,105,0.6469
shift_frozen,source_only,210,0.7135
shift_frozen,topic_recent,52,0.8896
shift_frozen,topic_recent,105,0.699
shift_frozen,topic_recent,210,0.7844
shift_recalibrated,recalibrated,52,0.9266
shift_recalibrated,recalibrated,105,0.9427
shift_recalibrated,recalibrated,210,0.9391
